blood_type,donor_share
A+,0.25726666666666664
A-,0.026566666666666666
AB+,0.0645
AB-,0.011833333333333333
B+,0.17326666666666668
B-,0.019033333333333333
O+,0.42163333333333336
O-,0.0259
