blood_type,compatible_supply_share,demand_share,stress_index
O-,0.0259,0.025515793694791095,0.9851657797216639
O+,0.44753333333333334,0.41934100132021573,0.9370050677496254
A-,0.05246666666666666,0.027190592223026385,0.5182450868429426
A+,0.7313666666666666,0.25904530158987005,0.3541934755797868
B-,0.04493333333333333,0.01901686822466964,0.4232240702819653
B+,0.6398333333333334,0.17190004670611025,0.2686637875062937
AB-,0.08333333333333333,0.011972155777675908,0.1436658693321109
AB+,1.0,0.06601824046364094,0.06601824046364094
