blood_type,population_share
A+,0.25904530158987005
A-,0.027190592223026385
AB+,0.06601824046364094
AB-,0.011972155777675908
B+,0.17190004670611025
B-,0.01901686822466964
O+,0.41934100132021573
O-,0.025515793694791095
