blood_type,gap
A+,-0.0017786349232034038
A-,-0.0006239255563597196
AB+,-0.0015182404636409352
AB-,-0.00013882244434257514
B+,0.0013666199605564255
B-,1.6465108663692857e-05
O+,0.002292332013117626
O-,0.0003842063052089048
